{
  "headerLinks": [
    {
      "label": "Home",
      "url": "/home"
    },
    {
      "label": "About Us",
      "url": "/about"
    },
    {
      "label": "Shop",
      "url": "/shop"
    },
    {
      "label": "Contact",
      "url": "/contact"
    }
  ],
  "shopCategories": [
    {
      "name": "Clothing",
      "url": "/category/clothing",
      "imageUrl": "/resources/images/categories/clothing/clothing.jpg"
    },
    {
      "name": "Shoes",
      "url": "/category/shoes",
      "imageUrl": "/resources/images/categories/shoes/shoes.jpg"
    },
    {
      "name": "Mobile Phone",
      "url": "/category/mobile",
      "imageUrl": "/resources/images/categories/mobiles/mobiles.jpg"
    },
    {
      "name": "Home Appliances",
      "url": "/category/homeAppliances",
      "imageUrl": "/resources/images/categories/homeAppliances/homeAppliances.jpg"
    },
    {
      "name": "Bags",
      "url ": " / category / bags ",
      "imageUrl ": " / resources / images / categories / bags/bags.jpg "
    }
  ],
  "popularProducts ": [
    {
      "name ": "Shirt",
      "sku": "1",
      "url ": " / category / clothing /1",
      "category": "Clothing",
      "price ": "500",
      "imageUrl ": " / resources / images / categories / clothing/shirt.jpg "
    },
    {
      "name ": "IPhone",
      "sku": "2",
      "url ": " / category / mobiles /2",
      "category": "Mobile Phone",
      "price ": "70000",
      "imageUrl ": " / resources / images / categories / mobiles/iphone.jpg "
    },
    {
      "name ": "SkyBags",
      "sku": "3",
      "url ": " / category / bags /3",
      "category": "Bags",
      "price ": "1000",
      "imageUrl ": " / resources / images / categories / bags/skybags.jpg "
    }
  ]
}